{"stat.pickup.idk.itemvape":6,"stat.leaveGame":21,"stat.drop.gregtech.meta_dust":68,"stat.pickup.extrautils2.redorchid":1,"stat.drop.bouncing_balls.dynamitebouncingball":2,"stat.craftItem.gregtech.mortar":1,"stat.swimOneCm":1391,"stat.climbOneCm":641,"stat.drop.minecraft.feather":1,"stat.pickup.idk.blockblender":64,"stat.useItem.minecraft.obsidian":1,"stat.useItem.minecraft.stone_slab2":216,"stat.useItem.minecraft.water_bucket":2,"stat.useItem.ganjacraft.magiccookie":1,"stat.craftItem.minecraft.furnace":1,"stat.mineBlock.minecraft.obsidian":3,"stat.pickup.minecraft.cobblestone":10,"stat.flyOneCm":389927,"stat.drop.minecraft.wheat_seeds":1,"stat.timeSinceDeath":552094,"stat.useItem.minecraft.spawn_egg":16,"stat.craftItem.minecraft.wooden_pickaxe":1,"stat.useItem.minecraft.lever":1,"stat.pickup.gregtech.meta_ingot":1,"stat.drop.extrautils2.redorchid":1,"stat.killEntity.Creeper":1,"stat.drop.minecraft.obsidian":4,"stat.pickup.ganjacraft.hempstem":1,"stat.sprintOneCm":74064,"stat.pickup.biomesoplenty.flower_0":1,"stat.mineBlock.biomesoplenty.flower_0":1,"stat.craftItem.minecraft.stick":4,"stat.pickup.extrautils2.passivegenerator":1,"stat.pickup.gregtech.meta_item_1":1,"stat.pickup.ganjacraft.weed_pipe":1,"stat.pickup.ganjacraft.sativa_pipe":1,"stat.useItem.minecraft.diamond_pickaxe":3,"stat.drop.ganjacraft.hemp_firestrater":1,"stat.pickup.minecraft.lever":3,"stat.drop":21,"stat.playOneMinute":552094,"stat.mineBlock.minecraft.tallgrass":14,"stat.diveOneCm":6342,"stat.useItem.enderio.item_endergy_conduit":10,"stat.pickup.minecraft.obsidian":6,"stat.jump":554,"stat.fallOneCm":32950,"stat.pickup.gregtechfoodoption.gtfo_meta_item":7,"stat.pickup.gregtech.machine":1,"stat.crouchOneCm":2427,"stat.pickup.minecraft.dirt":44,"stat.pickup.ganjacraft.hemp_firestrater":1,"stat.craftingTableInteraction":6,"stat.mineBlock.minecraft.log2":5,"stat.damageTaken":567,"stat.pickup.minecraft.feather":1,"stat.useItem.enderio.item_liquid_conduit":5,"stat.useItem.minecraft.wooden_pickaxe":10,"stat.drop.ganjacraft.emptybong":2,"stat.mineBlock.biomesoplenty.plant_0":24,"stat.pickup.minecraft.log2":5,"stat.pickup.minecraft.wheat_seeds":5,"stat.damageDealt":700,"stat.mineBlock.minecraft.dirt":13,"stat.walkOneCm":85361,"stat.useItem.idk.blockliquid_vape":1,"stat.pickup.gregtech.meta_dust_tiny":7,"stat.craftItem.minecraft.crafting_table":1,"stat.useItem.gregtech.meta_item_1":80,"stat.mineBlock.minecraft.double_plant":5,"stat.pickup.ganjacraft.indicaspliff":65,"stat.useItem.minecraft.lava_bucket":2,"stat.pickup.minecraft.log":2,"stat.drop.minecraft.chicken":1,"stat.pickup.gregtech.meta_dust":3,"stat.pickup.minecraft.chicken":2,"stat.drop.ganjacraft.weed_pipe":2,"stat.drop.gregtechfoodoption.gtfo_meta_item":5,"stat.craftItem.minecraft.planks":20,"stat.killEntity.Chicken":2,"stat.drop.minecraft.crafting_table":1,"stat.mobKills":3,"stat.mineBlock.minecraft.log":2,"stat.drop.idk.itemvape":1,"stat.pickup.minecraft.water_bucket":1,"stat.pickup.bouncing_balls.dynamitebouncingball":1,"stat.craftItem.gregtech.meta_dust":64,"stat.sneakTime":3404,"stat.mineBlock.minecraft.stone":10}