{"stat.useItem.ganjacraft.hempsmoothie":1,"stat.walkOneCm":49467,"stat.craftItem.gregtechfoodoption.gtfo_meta_item":1,"stat.pickup.idk.itemvape":1,"stat.drop.gravestone.death_info":2,"stat.pickup.gregtech.meta_dust_tiny":4,"stat.drop.ganjacraft.sativa_pipe":1,"stat.leaveGame":2,"stat.drop.ganjacraft.hempstem":1,"stat.craftItem.minecraft.crafting_table":1,"stat.useItem.gregtech.meta_item_1":21,"stat.drop.gregtech.machine":1,"stat.drop.idk.blockblender":64,"stat.pickup.gravestone.death_info":1,"stat.pickup.minecraft.log":8,"stat.swimOneCm":550,"stat.jump":183,"stat.fallOneCm":1790,"stat.climbOneCm":400,"stat.drop.ganjacraft.indicaspliff":1,"stat.pickup.gregtechfoodoption.gtfo_meta_item":3,"stat.crouchOneCm":1683,"stat.pickup.minecraft.sapling":2,"stat.pickup.minecraft.dirt":6,"stat.pickup.ganjacraft.hemp_firestrater":1,"stat.sprintOneCm":4710,"stat.pickup.betterquesting.quest_book":1,"stat.useItem.minecraft.stone_slab2":228,"stat.drop.gregtechfoodoption.gtfo_meta_item":3,"stat.craftingTableInteraction":2,"stat.pickup.gregtech.meta_item_1":1,"stat.craftItem.minecraft.planks":4,"stat.drop.minecraft.water_bucket":1,"stat.pickup.ganjacraft.hempsmoothie":1,"stat.pickup.theoneprobe.probenote":1,"stat.mineBlock.minecraft.log":8,"stat.mineBlock.biomesoplenty.plant_0":1,"stat.drop.ganjacraft.hemp_firestrater":2,"stat.drop.gregtech.meta_item_1":1,"stat.pickup.gregtech.borderless_yellow_lamp":1,"stat.flyOneCm":180748,"stat.drop.idk.itemvape":4,"stat.deaths":1,"stat.drop":22,"stat.pickup.minecraft.wheat_seeds":1,"stat.pickup.bouncing_balls.dynamitebouncingball":1,"stat.playOneMinute":52336,"stat.drop.minecraft.wheat_seeds":1,"stat.drop.ganjacraft.hempsmoothie":1,"stat.sneakTime":2076,"stat.drop.gregtech.borderless_yellow_lamp":2,"stat.damageDealt":208,"stat.timeSinceDeath":52018,"stat.useItem.idk.blockblender":2,"stat.mineBlock.minecraft.tallgrass":4,"stat.pickup.catwalks.catwalk":1}